Workbook

Sheet Huong_dan
B1: GDP quý III/2026 tổng thể: bảng tính kèm báo cáo
B2: TVN & PARTNERS · Kiến tạo giá trị, nâng tầm niềm tin. · Hotline 0936 090 649 · 093 800 4541 · https://tvnpartners.com.vn/ · vu.ntn@tvnpartners.com.vn
B3: Địa chỉ: Số 5 Lô X Đường 61, KĐC Tân Quy Đông, KP 35, Phường Tân Hưng, TP HCM · Số liệu cập nhật tới 17/10/2026
A5: Mục | B5: Giải thích
A6: Đọc bảng | B6: Ô nền kem là số liệu đầu vào (Cục Thống kê, nguồn ghi ở từng bảng); ô nền xanh nhạt là công thức do TVN & Partners tính.
A7: Điểm % đóng góp | B7: Tỷ lệ đóng góp (% mức tăng tổng giá trị tăng thêm) nhân phần tăng GDP còn lại sau khi tách thuế sản phẩm, rồi chia 100 (TVN quy đổi).
A8: Năng suất | B8: (1 + tốc độ giá trị tăng thêm) chia (1 + tốc độ việc làm) trừ 1.
A9: Tỷ lệ chuyển hóa | B9: Tốc độ giá trị tăng thêm chế biến chia tốc độ IIP chế biến: mỗi 1% sản lượng giữ lại bao nhiêu % giá trị.
A10: Kịch bản quý IV | B10: GDP quý IV bằng tổng tỷ trọng khu vực nhân tốc độ khu vực; cả năm bằng tỷ trọng 9 tháng nhân 9,01% cộng tỷ trọng quý IV nhân GDP quý IV. Sửa ô nền kem trong sheet Kich_ban_Q4 để thử kịch bản riêng.
A11: Độ nhạy theo ngành | B11: Điểm cần tăng thêm = (12,5% trừ kịch bản cơ sở) chia tỷ trọng quý IV của ngành; sửa tỷ trọng hoặc mục tiêu để thử.
A12: Trần tăng trưởng | B12: Mỗi ngành con đẩy lên mức tối đa khả thi theo ràng buộc đang chặn; trần khu vực = bình quân theo tỷ trọng; GDP quý IV và cả năm ở trần đặt cạnh mức cần cho mục tiêu.
A13: Đối chiếu hai phương pháp | B13: Đặt điểm đóng góp phía sản xuất cạnh C, G, I, NX của phần phân tích chi tiêu; sheet Ton_kho_uoc ước phần tồn kho và tài sản quý trong tích lũy tài sản.
A14: Bổ sung 17/10/2026 | B14: The_diem_nganh (thẻ điểm tám nhóm ngành), FDI_trong_nuoc, Do_nhay_LS_TG, Xuat_khau_2026, So_du_bao_2_PP: đồng bộ với clip bản đầy đủ.
A15: Lưu ý | B15: Các tỷ trọng, giá hàng đầu tư và xác suất là giả định của TVN & Partners; thông tin chỉ mang tính tham khảo.
A16: Bổ sung 17/10/2026 (bản tổng thể) | B16: Chi_tieu_cau_phan: đóng góp C, G, I, X, M bằng quyền số nhân tốc độ; Doi_chieu: hai phía cộng cùng 9,95% và 9,01%, dòng cuối phải bằng 0; Ma_tran: cấu phần × ngành; Kich_ban_hop_nhat: kịch bản quý IV của hai cách đo đặt cạnh nhau; Tin_hieu_kiem_chung: nhập số mới để biết kết luận nào đã bị bác.

Sheet Chi_tieu_cau_phan
B1: Phía chi tiêu: đóng góp của C, G, I, X, M vào GDP
B2: TVN & PARTNERS · Kiến tạo giá trị, nâng tầm niềm tin. · Hotline 0936 090 649 · 093 800 4541 · https://tvnpartners.com.vn/ · vu.ntn@tvnpartners.com.vn
B3: Địa chỉ: Số 5 Lô X Đường 61, KĐC Tân Quy Đông, KP 35, Phường Tân Hưng, TP HCM · Số liệu cập nhật tới 17/10/2026
A5: GDP quý III/2026 (%) | B5: =Dong_gop_KV!B5
A6: GDP 9 tháng 2026 (%) | B6: =Dong_gop_KV!B6
A8: Cấu phần | B8: Quyền số (TVN) | C8: Tăng quý III (%) | D8: Tăng 9 tháng (%) | E8: Đóng góp quý III (điểm %) | F8: Đóng góp 9 tháng (điểm %) | G8: Ghi chú
A9: C: tiêu dùng hộ gia đình | B9: 0.706 | D9: 9.75 | F9: =B9*D9 | G9: Quý III Cục Thống kê công bố gộp C và G: tăng 8,96%
A10: G: tiêu dùng Nhà nước | B10: 0.12 | D10: 1.22 | F10: =B10*D10 | G10: Siết chi bộ máy
A11: C + G: tiêu dùng cuối cùng | B11: =B9+B10 | C11: 8.96 | E11: =B11*C11 | G11: Quý III dùng tốc độ gộp
A12: I: tích lũy tài sản | B12: 0.33 | C12: 21.39 | D12: 17.88 | E12: =B12*C12 | F12: =B12*D12 | G12: Gồm tài sản cố định, tồn kho, tài sản quý
A13: X: xuất khẩu hàng hóa và dịch vụ | B13: 0.9 | C13: 23.27 | D13: 21.29 | E13: =B13*C13 | F13: =B13*D13 | G13: Gồm chi tiêu của khách quốc tế
A14: M: nhập khẩu hàng hóa và dịch vụ | B14: 0.86 | C14: 28.75 | D14: 27.19 | E14: =-B14*C14 | F14: =-B14*D14 | G14: Trừ ra khỏi GDP
A15: NX = X - M | E15: =E13+E14 | F15: =F13+F14
A16: Chênh lệch thống kê và sai số quyền số | E16: =B5-(E11+E12+E15) | F16: =B6-(F9+F10+F12+F15)
A17: GDP (kiểm tra tổng) | E17: =E11+E12+E15+E16 | F17: =F9+F10+F12+F15+F16
A19: Nguồn: Cục Thống kê (03/10/2026) cho tốc độ tăng; quyền số C, G suy từ số đóng góp chính thức (C 9 tháng góp 6,88 điểm), quyền số I, X, M do TVN ước theo cơ cấu GDP thực năm 2025.
A20: Đóng góp = quyền số nhân tốc độ tăng. Sửa ô nền kem để thử giả định khác; NX, chênh lệch thống kê và tổng tự tính lại.

Sheet Ma_tran
B1: Ma trận cấu phần GDP × nhóm ngành: ai làm ra phần nào
B2: TVN & PARTNERS · Kiến tạo giá trị, nâng tầm niềm tin. · Hotline 0936 090 649 · 093 800 4541 · https://tvnpartners.com.vn/ · vu.ntn@tvnpartners.com.vn
B3: Địa chỉ: Số 5 Lô X Đường 61, KĐC Tân Quy Đông, KP 35, Phường Tân Hưng, TP HCM · Số liệu cập nhật tới 17/10/2026
A5: Cấu phần \ Ngành | B5: Nông, lâm, thủy sản | C5: Chế biến, chế tạo | D5: Xây dựng | E5: Khai khoáng, điện | F5: Thương mại, vận tải | G5: Lưu trú, ăn uống | H5: Tài chính, bất động sản | I5: Dịch vụ công
A6: C · Tiêu dùng hộ | B6: 2 · Lương thực, thực phẩm | C6: 2 · Hàng tiêu dùng | D6: 0 | E6: 1 · Điện sinh hoạt | F6: 3 · Bán lẻ thực 9 tháng +7,8% | G6: 3 · Lưu trú, ăn uống +8,83% | H6: 2 · Nhà ở, dịch vụ ngân hàng | I6: 1 · Y tế, giáo dục tư
A7: G · Tiêu dùng Nhà nước | B7: 0 | C7: 0 | D7: 0 | E7: 0 | F7: 0 | G7: 0 | H7: 0 | I7: 3 · G chỉ +1,22%
A8: I · Tích lũy tài sản | B8: 1 · Tồn kho nông sản | C8: 3 · Máy móc; tồn kho +11,9% | D8: 3 · Xây dựng quý III +14,22% | E8: 1 · Tồn kho dầu, than | F8: 1 · Kho bãi | G8: 0 | H8: 2 · Công trình bất động sản | I8: 0
A9: X · Xuất khẩu | B9: 2 · Nông sản xuất siêu | C9: 3 · 80,7% xuất khẩu do FDI | D9: 0 | E9: 2 · Dầu thô | F9: 2 · Vận tải hàng +15,8% | G9: 2 · Khách quốc tế +14,5% | H9: 1 · Dịch vụ tài chính | I9: 0
A10: M · Nhập khẩu (trừ ra) | B10: 1 · Thức ăn chăn nuôi | C10: 3 · Linh kiện +71,7% | D10: 2 · Máy móc, thép | E10: 2 · Xăng dầu | F10: 1 · Cước vận tải | G10: 0 | H10: 0 | I10: 0
A12: Mức: 3 lớn, 2 vừa, 1 nhỏ, 0 không đáng kể. Mức độ đậm nhạt là đánh giá của TVN dựa trên cơ cấu ngành và số liệu Cục Thống kê quý III, 9 tháng/2026; không phải bảng cân đối liên ngành chính thức.

Sheet Kich_ban_hop_nhat
B1: Kịch bản quý IV và cả năm 2026: hai cách đo đặt cạnh nhau
B2: TVN & PARTNERS · Kiến tạo giá trị, nâng tầm niềm tin. · Hotline 0936 090 649 · 093 800 4541 · https://tvnpartners.com.vn/ · vu.ntn@tvnpartners.com.vn
B3: Địa chỉ: Số 5 Lô X Đường 61, KĐC Tân Quy Đông, KP 35, Phường Tân Hưng, TP HCM · Số liệu cập nhật tới 17/10/2026
A5: Kịch bản | B5: Xác suất | C5: Chi tiêu: quý IV thấp | D5: Chi tiêu: quý IV cao | E5: Chi tiêu: cả năm thấp | F5: Chi tiêu: cả năm cao | G5: Sản xuất: quý IV | H5: Sản xuất: cả năm | I5: Quý IV chung (trung bình hai cách)
A6: Cơ sở | B6: 0.55 | C6: 11 | D6: 11.5 | E6: 9.6 | F6: 9.7 | G6: =Kich_ban_Q4!D15 | H6: =Kich_ban_Q4!D16 | I6: =((C6+D6)/2+G6)/2
A7: Tích cực | B7: 0.2 | C7: 12 | D7: 12.5 | E7: 9.9 | F7: 10 | G7: =Kich_ban_Q4!E15 | H7: =Kich_ban_Q4!E16 | I7: =((C7+D7)/2+G7)/2
A8: Tiêu cực | B8: 0.25 | C8: 9.5 | D8: 10 | E8: 9.2 | F8: 9.3 | G8: =Kich_ban_Q4!F15 | H8: =Kich_ban_Q4!F16 | I8: =((C8+D8)/2+G8)/2
A9: Tổng xác suất (kiểm tra = 100%) | B9: =SUM(B6:B8)
A10: Bình quân theo xác suất | C10: =SUMPRODUCT($B$6:$B$8,C6:C8) | D10: =SUMPRODUCT($B$6:$B$8,D6:D8) | E10: =SUMPRODUCT($B$6:$B$8,E6:E8) | F10: =SUMPRODUCT($B$6:$B$8,F6:F8) | G10: =SUMPRODUCT($B$6:$B$8,G6:G8) | H10: =SUMPRODUCT($B$6:$B$8,H6:H8) | I10: =SUMPRODUCT($B$6:$B$8,I6:I8)
A12: Trần sức làm ra (phía sản xuất): quý IV | cả năm | G12: 12.3 | H12: 9.9
A13: Mục tiêu quý IV (%) | G13: 12.5
A14: Khoảng cách trần với mục tiêu (điểm) | G14: =G12-G13
A16: Phía chi tiêu: khoảng dự báo của TVN theo công thức C + G + I + NX (phần phân tích chi tiêu). Phía sản xuất: lấy trực tiếp từ sheet Kich_ban_Q4 (công thức theo tỷ trọng khu vực).
A17: Xác suất là đánh giá của TVN & Partners; sửa ô nền kem để thử, các dòng bình quân và khoảng cách tự tính lại.

Sheet Doi_chieu
B1: Đối chiếu phương pháp sản xuất và phương pháp chi tiêu
B2: TVN & PARTNERS · Kiến tạo giá trị, nâng tầm niềm tin. · Hotline 0936 090 649 · 093 800 4541 · https://tvnpartners.com.vn/ · vu.ntn@tvnpartners.com.vn
B3: Địa chỉ: Số 5 Lô X Đường 61, KĐC Tân Quy Đông, KP 35, Phường Tân Hưng, TP HCM · Số liệu cập nhật tới 17/10/2026
A5: Phía đo | B5: Cấu phần | C5: 9 tháng (điểm %) | D5: Quý III (điểm %)
A6: Sản xuất | B6: Nông, lâm, thủy sản | C6: =Dong_gop_KV!G10 | D6: =Dong_gop_KV!D10
A7: Sản xuất | B7: Công nghiệp và xây dựng | C7: =Dong_gop_KV!G11 | D7: =Dong_gop_KV!D11
A8: Sản xuất | B8: Dịch vụ | C8: =Dong_gop_KV!G12 | D8: =Dong_gop_KV!D12
A9: Sản xuất | B9: Thuế sản phẩm trừ trợ cấp (TVN ước) | C9: =Dong_gop_KV!G13 | D9: =Dong_gop_KV!D13
A10: Tổng phía sản xuất | C10: =SUM(C6:C9) | D10: =SUM(D6:D9)
A11: Chi tiêu | B11: C: tiêu dùng hộ gia đình (quý III gộp C và G) | C11: 6.88 | D11: 7.4
A12: Chi tiêu | B12: G: tiêu dùng Nhà nước | C12: 0.15 | D12: 0
A13: Chi tiêu | B13: I: tích lũy tài sản | C13: 5.9 | D13: 7.06
A14: Chi tiêu | B14: NX: xuất khẩu ròng | C14: -4.22 | D14: -3.79
A15: Chi tiêu | B15: Chênh lệch thống kê và sai số quyền số (= GDP trừ tổng cấu phần) | C15: =Dong_gop_KV!B6-SUM(C11:C14) | D15: =Dong_gop_KV!B5-SUM(D11:D14)
A16: Tổng phía chi tiêu | C16: =SUM(C11:C15) | D16: =SUM(D11:D15)
A17: Chênh lệch hai phía (phải bằng 0) | C17: =C10-C16 | D17: =D10-D16
A18: Nguồn: Cục Thống kê (03/10/2026); điểm % phía sản xuất = tỷ lệ đóng góp của Cục Thống kê quy ra GDP sau khi tách thuế sản phẩm (TVN ước); phía chi tiêu theo ước tính của TVN, quyền số I, X, M do TVN ước tính. Tỷ lệ đóng góp của ba khu vực cộng đủ 100% mức tăng tổng giá trị tăng thêm theo cách Cục Thống kê công bố.
A19: Số phía chi tiêu lấy từ phần phân tích chi tiêu của TVN (C 9 tháng 6,88 điểm theo Cục Thống kê; quyền số I, X, M do TVN ước).
A21: Thước đo | B21: Số liệu | C21: Đo cái gì | D21: Dùng ở bản nào
A22: Thu nhập bình quân của người lao động, thực | B22: Khoảng +4,9% (danh nghĩa +9,9%, 9,2 triệu đồng/tháng) | C22: Mọi người có việc làm, gồm cả người tự làm | D22: Cả hai bản
A23: Lương của lao động làm công, thực | B23: Khoảng +3,0% | C23: Chỉ người làm công hưởng lương | D23: Bản chi tiêu
A24: Lạm phát của hộ thu nhập thấp | B24: Khoảng 4,9% (hộ thu nhập cao 4,1%) | C24: Giá rổ hàng của hộ thu nhập thấp; đây là giá, không phải thu nhập | D24: Bản chi tiêu
A25: Bán lẻ thực quý III | B25: Khoảng 8,75% (TVN ước) | C25: Doanh thu bán lẻ trừ giá, riêng quý III | D25: Bản chi tiêu
A26: Bán lẻ thực 9 tháng | B26: +7,8% | C26: Doanh thu bán lẻ trừ giá, lũy kế 9 tháng | D26: Cả hai bản
A27: Năng suất lao động | B27: Khoảng +8,5% (TVN) | C27: Giá trị tăng thêm trên mỗi lao động, gồm cả hàng làm ra chưa bán | D27: Bản sản xuất
A29: Hai con số 4,9% ở bảng trên đo hai thứ khác nhau: một là tốc độ tăng thu nhập thực, một là mức lạm phát của hộ thu nhập thấp; trùng nhau là ngẫu nhiên.

Sheet Tin_hieu_kiem_chung
B1: Điều gì sẽ làm sai kết luận: nhập số mới vào cột nền kem, cột Kết quả tự báo
B2: TVN & PARTNERS · Kiến tạo giá trị, nâng tầm niềm tin. · Hotline 0936 090 649 · 093 800 4541 · https://tvnpartners.com.vn/ · vu.ntn@tvnpartners.com.vn
B3: Địa chỉ: Số 5 Lô X Đường 61, KĐC Tân Quy Đông, KP 35, Phường Tân Hưng, TP HCM · Số liệu cập nhật tới 17/10/2026
A5: Kết luận đang dùng | B5: Chỉ báo chính | C5: Hiện tại | D5: Ngưỡng | E5: Sai khi | F5: Số mới (nhập) | G5: Chỉ báo đi kèm | H5: Hiện tại | I5: Ngưỡng | J5: Sai khi | K5: Số mới (nhập) | L5: Kết quả | M5: Ngày có số | N5: Nếu chạm ngưỡng
A6: Đơn hàng còn giữ nhịp nhà máy FDI và xuất khẩu | B6: PMI sản xuất | C6: 51.9 | D6: 50 | E6: Dưới | L6: =IF(F6="","Chờ số",IF(AND(IF(E6="Dưới",F6<D6,F6>D6),TRUE),"Đã chạm: kết luận sai","Kết luận còn đứng")) | M6: 02/11/2026 | N6: Nâng xác suất kịch bản tiêu cực lên khoảng 35–40%
A7: Một phần 9,95% đang nằm trong kho | B7: Tồn kho chế biến so cùng kỳ (%) | C7: 11.9 | D7: 8 | E7: Dưới | G7: Tiêu thụ chế biến so cùng kỳ (%) | H7: 17.8 | I7: 15 | J7: Trên | L7: =IF(F7="","Chờ số",IF(AND(IF(E7="Dưới",F7<D7,F7>D7),IF(K7="",FALSE,IF(J7="Dưới",K7<I7,K7>I7))),"Đã chạm: kết luận sai","Kết luận còn đứng")) | M7: 06/11/2026 | N7: Rủi ro điều chỉnh tồn kho nhỏ hơn đánh giá, nghiêng tích cực
A8: Đầu tư công là động cơ chính quý IV | B8: Vốn ngân sách thực hiện trong tháng (nghìn tỷ; hiện tại = bình quân 9 tháng) | C8: 73.5 | D8: 100 | E8: Dưới | L8: =IF(F8="","Chờ số",IF(AND(IF(E8="Dưới",F8<D8,F8>D8),TRUE),"Đã chạm: kết luận sai","Kết luận còn đứng")) | M8: 06/11/2026 | N8: Quý IV khó giữ 11–11,5%, nghiêng tiêu cực
A9: Sức mua số đông yếu | B9: Bán lẻ thực so cùng kỳ (%; hiện tại = quý III ước) | C9: 8.75 | D9: 10 | E9: Trên | G9: CPI so cùng kỳ (%) | H9: 5.08 | I9: 4.5 | J9: Dưới | L9: =IF(F9="","Chờ số",IF(AND(IF(E9="Dưới",F9<D9,F9>D9),IF(K9="",FALSE,IF(J9="Dưới",K9<I9,K9>I9))),"Đã chạm: kết luận sai","Kết luận còn đứng")) | M9: 06/11/2026 | N9: Tiêu dùng mạnh hơn đánh giá, nâng xác suất tích cực
A10: Lạm phát chưa buộc nâng lãi suất | B10: CPI tháng 10 so cùng kỳ (%) | C10: 5.08 | D10: 5.5 | E10: Trên | G10: CPI tháng 11 so cùng kỳ (%) | H10: 5.08 | I10: 5.5 | J10: Trên | L10: =IF(F10="","Chờ số",IF(AND(IF(E10="Dưới",F10<D10,F10>D10),IF(K10="",FALSE,IF(J10="Dưới",K10<I10,K10>I10))),"Đã chạm: kết luận sai","Kết luận còn đứng")) | M10: 06/11 và 06/12/2026 | N10: Tiền tệ thắt lại, hạ triển vọng đầu tư và định giá
A11: Nên giữ tư thế phòng thủ | B11: Lãi suất qua đêm liên ngân hàng (%) | C11: 4.29 | D11: 4 | E11: Dưới | G11: Tỷ giá trung tâm so cuối 2025 (%) | H11: 2.01 | I11: 2 | J11: Dưới | L11: =IF(F11="","Chờ số",IF(AND(IF(E11="Dưới",F11<D11,F11>D11),IF(K11="",FALSE,IF(J11="Dưới",K11<I11,K11>I11))),"Đã chạm: kết luận sai","Kết luận còn đứng")) | M11: Hằng ngày | N11: Nâng tỷ trọng cổ phiếu sớm hơn kế hoạch
A12: Cả năm khoảng 9,6%, khó đạt 10% | B12: GDP quý IV (%; hiện tại = quý III) | C12: 9.95 | D12: 12.3 | E12: Trên | L12: =IF(F12="","Chờ số",IF(AND(IF(E12="Dưới",F12<D12,F12>D12),TRUE),"Đã chạm: kết luận sai","Kết luận còn đứng")) | M12: 06/01/2027 | N12: Xem lại giả định năng suất và tồn kho
A14: Kết luận chỉ bị coi là sai khi chỉ báo chính chạm ngưỡng và, nếu có, chỉ báo đi kèm cũng chạm ngưỡng. Ngưỡng là đánh giá của TVN & Partners, sửa ô nền kem để thử.

Sheet Dong_gop_KV
B1: Tốc độ và đóng góp theo khu vực: quý III và 9 tháng 2026
B2: TVN & PARTNERS · Kiến tạo giá trị, nâng tầm niềm tin. · Hotline 0936 090 649 · 093 800 4541 · https://tvnpartners.com.vn/ · vu.ntn@tvnpartners.com.vn
B3: Địa chỉ: Số 5 Lô X Đường 61, KĐC Tân Quy Đông, KP 35, Phường Tân Hưng, TP HCM · Số liệu cập nhật tới 17/10/2026
A5: GDP quý III/2026 (%) | B5: 9.95
A6: GDP 9 tháng 2026 (%) | B6: 9.01
A7: GDP quý III/2025 (%) | B7: 8.23
A8: Thuế sản phẩm trừ trợ cấp, điểm % (TVN ước): quý III/2026 | 9 tháng | quý III/2025 | B8: 0.63 | C8: 0.56 | D8: =0.0803*B7
A9: Khu vực | B9: Tăng quý III/2026 (%) | C9: Đóng góp quý III (%) | D9: Điểm % quý III (TVN) | E9: Tăng 9 tháng (%) | F9: Đóng góp 9 tháng (%) | G9: Điểm % 9 tháng (TVN) | H9: Tăng quý III/2025 (%) | I9: Đóng góp quý III/2025 (%) | J9: Điểm % quý III/2025 (TVN) | K9: Đổi đóng góp quý III (điểm)
A10: Nông, lâm nghiệp và thủy sản | B10: 4.21 | C10: 5.14 | D10: =C10*($B$5-$B$8)/100 | E10: 4.02 | F10: 5.35 | G10: =F10*($B$6-$C$8)/100 | H10: 3.74 | I10: 5.04 | J10: =I10*($B$7-$D$8)/100 | K10: =C10-I10
A11: Công nghiệp và xây dựng | B11: 12.5 | C11: 51.57 | D11: =C11*($B$5-$B$8)/100 | E11: 11.21 | F11: 49.62 | G11: =F11*($B$6-$C$8)/100 | H11: 9.46 | I11: 46.41 | J11: =I11*($B$7-$D$8)/100 | K11: =C11-I11
A12: Dịch vụ | B12: 9.54 | C12: 43.29 | D12: =C12*($B$5-$B$8)/100 | E12: 8.69 | F12: 45.03 | G12: =F12*($B$6-$C$8)/100 | H12: 8.56 | I12: 48.55 | J12: =I12*($B$7-$D$8)/100 | K12: =C12-I12
A13: Thuế sản phẩm trừ trợ cấp (TVN ước) | D13: =$B$8 | G13: =$C$8 | J13: =$D$8
A14: GDP (kiểm tra tổng) | B14: =B5 | C14: =SUM(C10:C12) | D14: =SUM(D10:D13) | E14: =B6 | F14: =SUM(F10:F12) | G14: =SUM(G10:G13) | H14: =B7 | I14: =SUM(I10:I12) | J14: =SUM(J10:J13)
A16: Nguồn: Cục Thống kê (03/10/2026 và 06/10/2025). Đóng góp tính bằng % mức tăng tổng giá trị tăng thêm. Điểm % trong mức tăng GDP do TVN quy đổi: tỷ lệ đóng góp nhân phần tăng trưởng còn lại sau khi tách thuế sản phẩm trừ trợ cấp (khoảng 0,63 điểm quý III, 0,56 điểm 9 tháng, ước theo tỷ trọng khoảng 8% GDP).
A17: Tỷ lệ đóng góp của ba khu vực cộng đủ 100% mức tăng tổng giá trị tăng thêm (Cục Thống kê). Điểm % quy ra GDP sau khi tách thuế sản phẩm trừ trợ cấp (ô B8:D8, TVN ước; quý III/2025 giả định thuế tăng cùng nhịp GDP); cột điểm % cộng cả thuế đúng bằng tốc độ GDP.

Sheet Tang_truong_quy
B1: Tốc độ GDP theo quý 2026
B2: TVN & PARTNERS · Kiến tạo giá trị, nâng tầm niềm tin. · Hotline 0936 090 649 · 093 800 4541 · https://tvnpartners.com.vn/ · vu.ntn@tvnpartners.com.vn
B3: Địa chỉ: Số 5 Lô X Đường 61, KĐC Tân Quy Đông, KP 35, Phường Tân Hưng, TP HCM · Số liệu cập nhật tới 17/10/2026
A5: Quý | B5: Tăng so cùng kỳ (%) | C5: Chênh với quý trước (điểm)
A6: Quý I/2026 | B6: 8.15 | C6: –
A7: Quý II/2026 | B7: 8.81 | C7: =B7-B6
A8: Quý III/2026 | B8: 9.95 | C8: =B8-B7
A10: Quý II/2026 đã được Cục Thống kê điều chỉnh từ 8,39% lên 8,81% trong báo cáo ngày 03/10/2026.

Sheet Nganh_9T
B1: Ngành con: tốc độ và đóng góp 9 tháng 2026 so 2025
B2: TVN & PARTNERS · Kiến tạo giá trị, nâng tầm niềm tin. · Hotline 0936 090 649 · 093 800 4541 · https://tvnpartners.com.vn/ · vu.ntn@tvnpartners.com.vn
B3: Địa chỉ: Số 5 Lô X Đường 61, KĐC Tân Quy Đông, KP 35, Phường Tân Hưng, TP HCM · Số liệu cập nhật tới 17/10/2026
A5: GDP 9 tháng 2026 (%) | B5: 9.01 | C5: Thuế sản phẩm, điểm (TVN ước) | D5: 0.56
A6: GDP 9 tháng 2025 (%) | B6: 7.85 | C6: Thuế sản phẩm, điểm (giả định cùng nhịp GDP) | D6: =0.0803*B6
A8: Ngành | B8: Khu vực | C8: Tăng 9 tháng/2026 (%) | D8: Đóng góp 2026 (%) | E8: Điểm % 2026 (TVN) | F8: Tăng 9 tháng/2025 (%) | G8: Đóng góp 2025 (%) | H8: Điểm % 2025 (TVN) | I8: Đổi đóng góp (điểm)
A9: Chế biến, chế tạo | B9: CN-XD | C9: 11.36 | D9: 33.85 | E9: =D9*($B$5-$D$5)/100 | F9: 9.92 | G9: 31.73 | H9: =G9*($B$6-$D$6)/100 | I9: =D9-G9
A10: Khai khoáng, điện, nước (phần còn lại của công nghiệp) | B10: CN-XD | C10: – | D10: 7.54 | E10: =D10*($B$5-$D$5)/100 | F10: – | G10: 3.33 | H10: =G10*($B$6-$D$6)/100 | I10: =D10-G10
A11: Xây dựng | B11: CN-XD | C11: 12.22 | D11: 8.23 | E11: =D11*($B$5-$D$5)/100 | F11: 9.33 | G11: 7.99 | H11: =G11*($B$6-$D$6)/100 | I11: =D11-G11
A12: Bán buôn, bán lẻ | B12: DV | C12: 9.85 | D12: 11.99 | E12: =D12*($B$5-$D$5)/100 | F12: 8.28 | G12: 10.72 | H12: =G12*($B$6-$D$6)/100 | I12: =D12-G12
A13: Vận tải, kho bãi | B13: DV | C13: 11.03 | D13: 7.21 | E13: =D13*($B$5-$D$5)/100 | F13: 10.68 | G13: 8.92 | H13: =G13*($B$6-$D$6)/100 | I13: =D13-G13
A14: Tài chính, ngân hàng, bảo hiểm | B14: DV | C14: 9.45 | D14: 5.27 | E14: =D14*($B$5-$D$5)/100 | F14: 7.06 | G14: 5.16 | H14: =G14*($B$6-$D$6)/100 | I14: =D14-G14
A15: Lưu trú, ăn uống | B15: DV | C15: 8.83 | D15: 2.69 | E15: =D15*($B$5-$D$5)/100 | F15: 10.15 | G15: 3.5 | H15: =G15*($B$6-$D$6)/100 | I15: =D15-G15
A16: Dịch vụ khác (bất động sản, giáo dục, y tế, hành chính...) | B16: DV | C16: – | D16: 17.87 | E16: =D16*($B$5-$D$5)/100 | F16: – | G16: 23.29 | H16: =G16*($B$6-$D$6)/100 | I16: =D16-G16
A17: Nông nghiệp | B17: NLTS | C17: 3.72 | D17: 3.6 | E17: =D17*($B$5-$D$5)/100 | F17: 3.46 | G17: 3.52 | H17: =G17*($B$6-$D$6)/100 | I17: =D17-G17
A18: Lâm nghiệp | B18: NLTS | C18: 3.99 | D18: 0.25 | E18: =D18*($B$5-$D$5)/100 | F18: 6.46 | G18: 0.42 | H18: =G18*($B$6-$D$6)/100 | I18: =D18-G18
A19: Thủy sản | B19: NLTS | C19: 4.99 | D19: 1.5 | E19: =D19*($B$5-$D$5)/100 | F19: 4.48 | G19: 1.41 | H19: =G19*($B$6-$D$6)/100 | I19: =D19-G19
A20: Tổng các ngành (còn lại là thuế sản phẩm) | D20: =SUM(D9:D19) | E20: =SUM(E9:E19) | G20: =SUM(G9:G19) | H20: =SUM(H9:H19)
A22: Nguồn: Cục Thống kê. Dòng 'khai khoáng, điện, nước' và 'dịch vụ khác' là phần còn lại do TVN tính từ số tổng của công nghiệp và dịch vụ, vì thông cáo chưa công bố riêng; điểm % quy đổi theo tốc độ GDP 9 tháng 9,01%.
A23: Hai dòng "phần còn lại" do TVN suy ra bằng hiệu số giữa đóng góp khu vực và các ngành được công bố; Cục Thống kê chưa công bố đóng góp ngành con theo quý.

Sheet Co_cau
B1: Cơ cấu nền kinh tế 9 tháng (giá hiện hành)
B2: TVN & PARTNERS · Kiến tạo giá trị, nâng tầm niềm tin. · Hotline 0936 090 649 · 093 800 4541 · https://tvnpartners.com.vn/ · vu.ntn@tvnpartners.com.vn
B3: Địa chỉ: Số 5 Lô X Đường 61, KĐC Tân Quy Đông, KP 35, Phường Tân Hưng, TP HCM · Số liệu cập nhật tới 17/10/2026
A5: Khu vực | B5: 9 tháng/2026 (%) | C5: 9 tháng/2025 (%) | D5: Thay đổi (điểm)
A6: Nông, lâm, thủy sản | B6: 10.65 | C6: 11.33 | D6: =B6-C6
A7: Công nghiệp và xây dựng | B7: 38.35 | C7: 37.47 | D7: =B7-C7
A8: Dịch vụ | B8: 42.97 | C8: 43.05 | D8: =B8-C8
A9: Thuế sản phẩm trừ trợ cấp | B9: 8.03 | C9: 8.15 | D9: =B9-C9
A10: Tổng | B10: =SUM(B6:B9) | C10: =SUM(C6:C9)

Sheet Kiem_chung
B1: Kiểm chứng: giá trị tăng thêm so với chỉ báo hiện vật
B2: TVN & PARTNERS · Kiến tạo giá trị, nâng tầm niềm tin. · Hotline 0936 090 649 · 093 800 4541 · https://tvnpartners.com.vn/ · vu.ntn@tvnpartners.com.vn
B3: Địa chỉ: Số 5 Lô X Đường 61, KĐC Tân Quy Đông, KP 35, Phường Tân Hưng, TP HCM · Số liệu cập nhật tới 17/10/2026
A5: Chỉ tiêu | B5: Giá trị tăng thêm chế biến (%) | C5: IIP chế biến (%) | D5: Tỷ lệ chuyển hóa (lần) | E5: Khoảng cách (điểm)
A6: Quý III/2026 | B6: 12.28 | C6: 15.3 | D6: =B6/C6 | E6: =C6-B6
A7: 9 tháng/2026 | B7: 11.36 | C7: 12.9 | D7: =B7/C7 | E7: =C7-B7
A8: Tỷ lệ dưới 1 nghĩa là sản lượng tăng nhanh hơn giá trị giữ lại: phần nhập linh kiện và phần lợi nhuận về công ty mẹ nước ngoài lớn.
A10: Ngành | B10: Giá trị tăng thêm | C10: Chỉ báo độc lập | D10: Chênh lệch | E10: Kết luận
A11: Chế biến, chế tạo (quý III) | B11: +12,28% | C11: IIP chế biến +15,3%; tiêu thụ tháng 9 +17,8%; lao động +3,4% | D11: Sản lượng cao hơn 3,0 điểm | E11: Xác nhận, giá trị giữ lại mỏng
A12: Chế biến, chế tạo (khảo sát) | B12: +12,28% | C12: PMI tháng 9: 51,9, đơn hàng xuất khẩu giảm | D12: Khảo sát yếu hơn | E12: Đà quý IV chậm lại
A13: Điện | B13: Trong khối công nghiệp | C13: IIP điện quý III +12,8% | D13: Co giãn điện so GDP khoảng 1,3 | E13: Xác nhận
A14: Xây dựng (quý III) | B14: +14,22% | C14: Vốn ngân sách 9 tháng +19% (giá hiện hành); thép thanh +17,1% | D14: Khớp sau khi trừ giá | E14: Xác nhận
A15: Vận tải, kho bãi | B15: +11,03% | C15: Hàng hóa vận chuyển +15,8%, luân chuyển +12,8% | D15: Khớp | E15: Xác nhận
A16: Bán buôn, bán lẻ (9 tháng) | B16: +9,85% | C16: Bán lẻ thực 9 tháng +7,8% | D16: Cao hơn 2 điểm | E16: Phần bán buôn kéo lên
A17: Lưu trú, ăn uống | B17: +8,83% | C17: Doanh thu +16,7%; khách quốc tế +14,5% | D17: Doanh thu cao hơn 7,9 điểm do giá | E17: Thận trọng về sức mua
A18: Tài chính, ngân hàng | B18: +9,45% | C18: Tín dụng +16,69% so cùng kỳ | D18: Tín dụng nhanh hơn | E18: Hiệu quả vốn giảm
A19: Nông nghiệp | B19: +3,72% | C19: Thịt lợn +4,4%, gia cầm +5,3%, lúa hè thu +0,6% | D19: Khớp | E19: Xác nhận
A20: Thủy sản | B20: +4,99% | C20: Sản lượng +3,9%; nuôi trồng +5,9% | D20: Khớp | E20: Xác nhận
A22: Nguồn: Cục Thống kê (03/10/2026), S&P Global (01/10/2026), Ngân hàng Nhà nước (07/10/2026); chênh lệch do TVN tính.

Sheet Nang_suat_LD
B1: Năng suất, việc làm và thu nhập theo khu vực quý III/2026
B2: TVN & PARTNERS · Kiến tạo giá trị, nâng tầm niềm tin. · Hotline 0936 090 649 · 093 800 4541 · https://tvnpartners.com.vn/ · vu.ntn@tvnpartners.com.vn
B3: Địa chỉ: Số 5 Lô X Đường 61, KĐC Tân Quy Đông, KP 35, Phường Tân Hưng, TP HCM · Số liệu cập nhật tới 17/10/2026
A5: Khu vực | B5: Tăng giá trị tăng thêm quý III (%) | C5: Lao động quý III (nghìn người) | D5: Tăng so cùng kỳ (nghìn người) | E5: Tăng việc làm (%) | F5: Năng suất lao động (%, TVN) | G5: Thu nhập tháng (triệu đồng) | H5: Thu nhập so quý II (%) | I5: Lao động phi chính thức (%)
A6: Nông, lâm, thủy sản | B6: 4.21 | C6: 13300 | D6: -38 | E6: =D6/(C6-D6)*100 | F6: =((1+B6/100)/(1+E6/100)-1)*100 | G6: 5.4 | H6: -1.4 | I6: 98.7
A7: Công nghiệp và xây dựng | B7: 12.5 | C7: 18000 | D7: 394.1 | E7: =D7/(C7-D7)*100 | F7: =((1+B7/100)/(1+E7/100)-1)*100 | G7: 9.9 | H7: 2 | I7: 41.9
A8: Dịch vụ | B8: 9.54 | C8: 21700 | D8: 350.4 | E8: =D8/(C8-D8)*100 | F8: =((1+B8/100)/(1+E8/100)-1)*100 | G8: 10.9 | H8: 3 | I8: 52.7
A9: Toàn nền kinh tế | B9: =Dong_gop_KV!B5 | C9: 53000 | D9: 706.4 | E9: =D9/(C9-D9)*100 | F9: =((1+B9/100)/(1+E9/100)-1)*100 | G9: 9.2
A11: Nguồn: Cục Thống kê (giá trị tăng thêm, lao động, thu nhập quý III/2026); năng suất = (1 + tăng giá trị tăng thêm) / (1 + tăng việc làm) - 1, do TVN tính, công thức trong Excel.
A12: Nguồn: Cục Thống kê, thông cáo lao động, việc làm quý III/2026.
A13: Năng suất ở đây là năng suất theo giá so sánh, tính từ tốc độ giá trị tăng thêm và tốc độ việc làm; không phải số Cục Thống kê công bố.

Sheet Kich_ban_Q4
B1: Kịch bản GDP quý IV và cả năm 2026 theo khu vực
B2: TVN & PARTNERS · Kiến tạo giá trị, nâng tầm niềm tin. · Hotline 0936 090 649 · 093 800 4541 · https://tvnpartners.com.vn/ · vu.ntn@tvnpartners.com.vn
B3: Địa chỉ: Số 5 Lô X Đường 61, KĐC Tân Quy Đông, KP 35, Phường Tân Hưng, TP HCM · Số liệu cập nhật tới 17/10/2026
A5: Tăng trưởng 9 tháng (%) | B5: =Dong_gop_KV!B6
A6: Tỷ trọng 9 tháng trong GDP cả năm | B6: 0.722
A7: Tỷ trọng quý IV trong GDP cả năm | B7: =1-B6
A9: Khu vực | B9: Tỷ trọng quý IV | C9: Mục tiêu 12,5% (%) | D9: Cơ sở (%) | E9: Tích cực (%) | F9: Tiêu cực (%) | G9: Kịch bản riêng của anh chị (%)
A10: Nông, lâm, thủy sản | B10: 0.11 | C10: 4.5 | D10: 4.3 | E10: 4.5 | F10: 3.8 | G10: 4.3
A11: Công nghiệp và xây dựng | B11: 0.385 | C11: 15.3 | D11: 13.8 | E11: 15 | F11: 12 | G11: 13.8
A12: Dịch vụ | B12: 0.425 | C12: 12.2 | D12: 10.8 | E12: 11.8 | F12: 9.8 | G12: 10.8
A13: Thuế sản phẩm trừ trợ cấp | B13: 0.08 | C13: 12 | D13: 10.8 | E13: 12 | F13: 9.5 | G13: 10.8
A14: Tổng tỷ trọng (kiểm tra = 1) | B14: =SUM(B10:B13)
A15: GDP quý IV (%) | C15: =SUMPRODUCT($B$10:$B$13,C10:C13) | D15: =SUMPRODUCT($B$10:$B$13,D10:D13) | E15: =SUMPRODUCT($B$10:$B$13,E10:E13) | F15: =SUMPRODUCT($B$10:$B$13,F10:F13) | G15: =SUMPRODUCT($B$10:$B$13,G10:G13)
A16: GDP cả năm 2026 (%) | C16: =$B$6*$B$5+$B$7*C15 | D16: =$B$6*$B$5+$B$7*D15 | E16: =$B$6*$B$5+$B$7*E15 | F16: =$B$6*$B$5+$B$7*F15 | G16: =$B$6*$B$5+$B$7*G15
A17: Khoảng cách với mục tiêu quý IV 12,5% (điểm) | C17: =C15-12.5 | D17: =D15-12.5 | E17: =E15-12.5 | F17: =F15-12.5 | G17: =G15-12.5
A18: Xác suất theo TVN | C18: 15–20% | D18: 0.55 | E18: 0.2 | F18: 0.25
A19: GDP quý IV bình quân theo xác suất (%) | C19: =D18*D15+E18*E15+F18*F15
A20: GDP cả năm tương ứng (%) | C20: =$B$6*$B$5+$B$7*C19
A22: Nguồn: TVN & Partners. Tỷ trọng quý IV ước tính từ cơ cấu GDP thực 2025, hiệu chỉnh khớp 9 tháng 9,01%; GDP quý IV = tổng tỷ trọng nhân tốc độ từng khu vực; GDP cả năm = 72,2% x 9,01% + 27,8% x quý IV. Bảng có công thức trong tệp Excel, đổi tốc độ là kết quả đổi theo.
A23: Tỷ trọng quý IV và tỷ trọng 9 tháng trong cả năm là ước tính của TVN & Partners theo cơ cấu GDP thực năm 2025, hiệu chỉnh để khớp 9 tháng 9,01%.
A24: Cột cuối là kịch bản riêng: sửa bốn ô tốc độ khu vực, GDP quý IV và cả năm tự tính lại.
A26: Ngày | B26: Số liệu | C26: Ngành | D26: Ngưỡng đổi kịch bản
A27: 02/11/2026 | B27: PMI tháng 10 (S&P Global) | C27: Chế biến | D27: Dưới 50: nghiêng Tiêu cực; trên 52: nghiêng Tích cực
A28: 06/11/2026 | B28: IIP, bán lẻ, khách quốc tế, vốn ngân sách tháng 10 (Cục Thống kê) | C28: Mọi khu vực | D28: IIP dưới 10% hoặc vốn ngân sách dưới 100 nghìn tỷ đồng: hạ kịch bản
A29: Tháng 11 | B29: Tín dụng theo ngành quý III (Ngân hàng Nhà nước) | C29: Tài chính, xây dựng | D29: Tín dụng bất động sản tăng nhanh hơn dư nợ chung: rủi ro
A30: 06/12/2026 | B30: Số liệu tháng 11 | C30: Mọi khu vực | D30: Tồn kho chế biến còn tăng trên 10%: Tiêu cực
A31: 06/01/2027 | B31: GDP quý IV và cả năm 2026 | C31: Tổng hợp | D31: Đối chiếu dự báo

Sheet Do_nhay_nganh
B1: Độ nhạy GDP quý IV theo ngành
B2: TVN & PARTNERS · Kiến tạo giá trị, nâng tầm niềm tin. · Hotline 0936 090 649 · 093 800 4541 · https://tvnpartners.com.vn/ · vu.ntn@tvnpartners.com.vn
B3: Địa chỉ: Số 5 Lô X Đường 61, KĐC Tân Quy Đông, KP 35, Phường Tân Hưng, TP HCM · Số liệu cập nhật tới 17/10/2026
A5: Mục tiêu GDP quý IV (%) | B5: 12.5
A6: Kịch bản cơ sở (%) | B6: =Kich_ban_Q4!D15
A7: Phần thiếu (điểm) | B7: =B5-B6
A9: Ngành | B9: Khu vực | C9: Tỷ trọng quý IV | D9: Mốc gần nhất | E9: 1 điểm của ngành bằng (điểm GDP) | F9: Cần tăng thêm để một mình bù phần thiếu (điểm)
A10: Chế biến, chế tạo | B10: CN-XD | C10: 0.245 | D10: +12,28% quý III | E10: =C10 | F10: =$B$7/C10
A11: Xây dựng | B11: CN-XD | C11: 0.085 | D11: +14,22% quý III | E11: =C11 | F11: =$B$7/C11
A12: Khai khoáng, điện, nước | B12: CN-XD | C12: 0.055 | D12: IIP khai khoáng +12,2%, điện +12,8% | E12: =C12 | F12: =$B$7/C12
A13: Bán buôn, bán lẻ | B13: DV | C13: 0.1 | D13: +9,85% 9 tháng | E13: =C13 | F13: =$B$7/C13
A14: Vận tải, kho bãi | B14: DV | C14: 0.035 | D14: +11,03% 9 tháng | E14: =C14 | F14: =$B$7/C14
A15: Tài chính, ngân hàng, bảo hiểm | B15: DV | C15: 0.05 | D15: +9,45% 9 tháng | E15: =C15 | F15: =$B$7/C15
A16: Lưu trú, ăn uống | B16: DV | C16: 0.025 | D16: +8,83% 9 tháng | E16: =C16 | F16: =$B$7/C16
A17: Dịch vụ khác | B17: DV | C17: 0.215 | D17: Chưa công bố riêng | E17: =C17 | F17: =$B$7/C17
A18: Nông, lâm, thủy sản | B18: NLTS | C18: 0.11 | D18: +4,21% quý III | E18: =C18 | F18: =$B$7/C18
A19: Thuế sản phẩm trừ trợ cấp | B19: Thuế | C19: 0.08 | D19: Khoảng 8% | E19: =C19 | F19: =$B$7/C19
A20: Tổng tỷ trọng (kiểm tra = 1) | C20: =SUM(C10:C19)
A22: Nguồn: TVN & Partners. Tỷ trọng ngành ước tính từ cơ cấu GDP 2025, cộng đúng tỷ trọng ba khu vực và thuế ở bảng kịch bản. Phần thiếu = 12,5% trừ kịch bản cơ sở; điểm cần tăng thêm = phần thiếu chia tỷ trọng ngành. Công thức trong Excel, sheet Do_nhay_nganh.
A24: Đòn bẩy quý IV | B24: Ngành nhận tác động đầu tiên | C24: Giả định | D24: Tác động GDP quý IV (điểm %, TVN)
A25: Đầu tư công giải ngân 95–100% kế hoạch | B25: Xây dựng; kim loại, vật liệu; vận tải | C25: Quý IV 388–443 nghìn tỷ đồng, gấp 1,8–2 lần bình quân | D25: +0,6 đến +0,9
A26: Xuất khẩu giữ nhịp tháng 9 | B26: Chế biến điện tử; vận tải, kho bãi; bán buôn | C26: Khoảng 59,5 tỷ USD mỗi tháng | D26: +0,3 đến +0,5
A27: Tín dụng cả năm 16–17% | B27: Tài chính, ngân hàng; xây dựng; bán lẻ | C27: Thêm 0,82–1,01 triệu tỷ đồng | D27: +0,2 đến +0,4
A28: Kích cầu tiêu dùng cuối năm | B28: Bán lẻ; lưu trú, ăn uống | C28: Bán lẻ thực từ 8% lên 10% | D28: +0,2 đến +0,3
A29: Đơn hàng xuất khẩu giảm tiếp | B29: Chế biến; vận tải | C29: PMI dưới 50 | D29: -0,5 đến -0,8
A30: Brent trên 115 USD | B30: Chế biến, vận tải (khai khoáng hưởng lợi) | C30: Chi phí đẩy, sức mua giảm | D30: -0,3 đến -0,5
A32: Nguồn: TVN & Partners, cùng bộ giả định với bảng độ nhạy của phần phân tích chi tiêu (nền theo đà quý III 11,0%); cột ngành cho biết tác động đi vào GDP qua ngành nào trước. Cộng mọi yếu tố thuận lợi cho 12,3–13,1% trên giấy, nhưng vượt trần sức làm ra khoảng 12,3%, nên trên 12,3% là khó khả thi.

Sheet Tran_tang_truong
B1: Trần tăng trưởng quý IV và cả năm theo phía sản xuất (TVN)
B2: TVN & PARTNERS · Kiến tạo giá trị, nâng tầm niềm tin. · Hotline 0936 090 649 · 093 800 4541 · https://tvnpartners.com.vn/ · vu.ntn@tvnpartners.com.vn
B3: Địa chỉ: Số 5 Lô X Đường 61, KĐC Tân Quy Đông, KP 35, Phường Tân Hưng, TP HCM · Số liệu cập nhật tới 17/10/2026
A5: Ngành con | B5: Khu vực | C5: Tỷ trọng quý IV | D5: Trần quý IV (%) | E5: Ràng buộc chặn | F5: Điểm GDP ở trần
A6: Chế biến, chế tạo | B6: CN-XD | C6: 0.245 | D6: 14.5 | E6: Đơn hàng: giữ nhịp sản lượng tháng 9 cả quý, tỷ lệ giữ lại về mức bình quân 9 tháng | F6: =C6*D6
A7: Xây dựng | B7: CN-XD | C7: 0.085 | D7: 20 | E7: Sức thi công: giải ngân 95–100% kế hoạch, gấp 1,8–2 lần bình quân quý | F7: =C7*D7
A8: Khai khoáng, điện, nước | B8: CN-XD | C8: 0.055 | D8: 12 | E8: Điện chạy theo nhà máy, dầu khí theo giá dầu | F8: =C8*D8
A9: Bán buôn, bán lẻ | B9: DV | C9: 0.1 | D9: 12 | E9: Phần bán buôn đi theo hàng hóa; bán lẻ bị chặn bởi thu nhập | F9: =C9*D9
A10: Vận tải, kho bãi | B10: DV | C10: 0.035 | D10: 15 | E10: Đi theo chế biến và xuất khẩu | F10: =C10*D10
A11: Tài chính, ngân hàng, bảo hiểm | B11: DV | C11: 0.05 | D11: 12 | E11: Tín dụng cả năm 16–17% | F11: =C11*D11
A12: Lưu trú, ăn uống | B12: DV | C12: 0.025 | D12: 10 | E12: Thu nhập thực chỉ tăng khoảng 4,9% | F12: =C12*D12
A13: Dịch vụ khác | B13: DV | C13: 0.215 | D13: 11 | E13: Chi thường xuyên tăng chậm, thị trường nhà ở còn trầm | F13: =C13*D13
A15: Khu vực | B15: Tỷ trọng quý IV | C15: Trần quý IV (%) | D15: Cần cho 12,5% (%) | E15: Khoảng cách (điểm)
A16: Nông, lâm, thủy sản | B16: =Kich_ban_Q4!B10 | C16: 4.5 | D16: =Kich_ban_Q4!C10 | E16: =C16-D16
A17: Công nghiệp và xây dựng | B17: =Kich_ban_Q4!B11 | C17: =SUMIF(B6:B13,"CN-XD",F6:F13)/B17 | D17: =Kich_ban_Q4!C11 | E17: =C17-D17
A18: Dịch vụ | B18: =Kich_ban_Q4!B12 | C18: =SUMIF(B6:B13,"DV",F6:F13)/B18 | D18: =Kich_ban_Q4!C12 | E18: =C18-D18
A19: Thuế sản phẩm trừ trợ cấp | B19: =Kich_ban_Q4!B13 | C19: 12 | D19: =Kich_ban_Q4!C13 | E19: =C19-D19
A20: GDP quý IV ở trần (%) | C20: =SUMPRODUCT(B16:B19,C16:C19) | D20: =Kich_ban_Q4!C15 | E20: =C20-D20
A21: GDP cả năm 2026 ở trần (%) | C21: =Kich_ban_Q4!$B$6*Kich_ban_Q4!$B$5+Kich_ban_Q4!$B$7*C20 | D21: =Kich_ban_Q4!C16 | E21: =C21-D21
A23: Nguồn: TVN & Partners. Trần là mức tối đa khả thi của từng ngành con trong quý IV theo ràng buộc đang chặn (đơn hàng, sức thi công, thu nhập, đất và mùa vụ); trần khu vực = bình quân theo tỷ trọng các ngành con. Công thức trong Excel, sheet Tran_tang_truong.
A24: Sửa ô nền kem (trần từng ngành con) để thử: GDP quý IV và cả năm ở trần tự tính lại.

Sheet Ton_kho_uoc
B1: Ước tính tồn kho và tài sản quý trong tăng trưởng quý III/2026
B2: TVN & PARTNERS · Kiến tạo giá trị, nâng tầm niềm tin. · Hotline 0936 090 649 · 093 800 4541 · https://tvnpartners.com.vn/ · vu.ntn@tvnpartners.com.vn
B3: Địa chỉ: Số 5 Lô X Đường 61, KĐC Tân Quy Đông, KP 35, Phường Tân Hưng, TP HCM · Số liệu cập nhật tới 17/10/2026
A5: Bước tính | B5: Thấp | C5: Trung tâm | D5: Cao | E5: Ghi chú
A6: I góp vào GDP quý III (điểm) | B6: =Doi_chieu!D13 | C6: =Doi_chieu!D13 | D6: =Doi_chieu!D13 | E6: Bản chi tiêu (7,06 điểm)
A7: Vốn đầu tư toàn xã hội quý III, tăng danh nghĩa (%) | B7: 16.7 | C7: 16.7 | D7: 16.7 | E7: Cục Thống kê
A8: Giá hàng đầu tư tăng (%) | B8: 4.5 | C8: 3.5 | D8: 2.5 | E8: TVN giả định; cột Thấp ứng với giá tăng nhiều
A9: Tài sản cố định tăng thực (%) | B9: =((1+B7/100)/(1+B8/100)-1)*100 | C9: =((1+C7/100)/(1+C8/100)-1)*100 | D9: =((1+D7/100)/(1+D8/100)-1)*100 | E9: Công thức
A10: Quyền số tài sản cố định trong GDP | B10: 0.3 | C10: 0.31 | D10: 0.32 | E10: TVN ước theo cơ cấu 2025
A11: Tài sản cố định góp (điểm) | B11: =B9*B10 | C11: =C9*C10 | D11: =D9*D10 | E11: Quyền số nhân tốc độ thực
A12: Phần còn lại của I: tồn kho và tài sản quý (điểm) | B12: =B6-B11 | C12: =C6-C11 | D12: =D6-D11 | E12: Trước khi trừ chênh lệch
A13: Chênh lệch thống kê quý III (điểm) | B13: =Doi_chieu!D15 | C13: =Doi_chieu!D15 | D13: =Doi_chieu!D15 | E13: Giả định toàn bộ nằm ở I
A14: Tồn kho và tài sản quý sau điều chỉnh (điểm) | B14: =B12+B13 | C14: =C12+C13 | D14: =D12+D13 | E14: Kết quả
A15: Tỷ lệ trong mức tăng GDP quý III (%) | B15: =B14/Dong_gop_KV!$B$5*100 | C15: =C14/Dong_gop_KV!$B$5*100 | D15: =D14/Dong_gop_KV!$B$5*100 | E15: Kết quả
A17: Nguồn: TVN & Partners tính, công thức trong Excel, sheet Ton_kho_uoc. Đây là ước tính có biên sai số rộng vì Cục Thống kê chưa tách tài sản cố định, tồn kho và tài sản quý trong tích lũy; tài sản quý gồm vàng và đồ quý giá mua để giữ giá trị.

Sheet Dia_phuong
B1: Tăng trưởng GRDP theo địa phương 2026
B2: TVN & PARTNERS · Kiến tạo giá trị, nâng tầm niềm tin. · Hotline 0936 090 649 · 093 800 4541 · https://tvnpartners.com.vn/ · vu.ntn@tvnpartners.com.vn
B3: Địa chỉ: Số 5 Lô X Đường 61, KĐC Tân Quy Đông, KP 35, Phường Tân Hưng, TP HCM · Số liệu cập nhật tới 17/10/2026
A5: Địa phương | B5: GRDP 9 tháng (%) | C5: GRDP quý III (%) | D5: Chênh với cả nước 9 tháng (điểm) | E5: Ghi chú | G5: GDP cả nước 9 tháng (%)
A6: Quảng Ninh | B6: 12.54 | C6: 15.04 | D6: =B6-$G$6 | E6: Dẫn đầu cả nước cả 9 tháng và quý III | G6: =Dong_gop_KV!B6
A7: Hà Tĩnh | B7: 12.36 | C7: – | D7: =B7-$G$6
A8: Hải Phòng | B8: 12.08 | C8: – | D8: =B8-$G$6 | E8: Cần khoảng 15,39% quý IV để đạt mục tiêu năm
A9: Bắc Ninh | B9: 11.81 | C9: 13.83 | D9: =B9-$G$6 | E9: Điện tử FDI
A10: Ninh Bình | B10: 11.31 | C10: – | D10: =B10-$G$6
A11: Thái Nguyên | B11: 11.24 | C11: 13.96 | D11: =B11-$G$6 | E11: Công nghiệp và xây dựng quý III +20,34%
A12: Hưng Yên | B12: 11.22 | C12: – | D12: =B12-$G$6
A13: Khánh Hòa | B13: 11.21 | C13: – | D13: =B13-$G$6
A14: Đà Nẵng | B14: 10.31 | C14: – | D14: =B14-$G$6
A15: Tây Ninh | B15: 10.3 | C15: – | D15: =B15-$G$6
A16: Phú Thọ, Đồng Nai | B16: 10.01 | C16: – | D16: =B16-$G$6 | E16: Hai địa phương cùng mức
A17: TP Hồ Chí Minh | B17: 9.06 | C17: 9.86 | D17: =B17-$G$6 | E17: Cần khoảng 13,23% quý IV
A18: Hà Nội | B18: 8.85 | C18: 10.02 | D18: =B18-$G$6 | E18: Cần khoảng 16,55% quý IV để đạt 11%
A19: Đồng Tháp | B19: 7.44 | C19: – | D19: =B19-$G$6 | E19: Tỷ trọng nông nghiệp lớn
A20: Cà Mau | B20: 7.37 | C20: – | D20: =B20-$G$6 | E20: Cần khoảng 16,70% quý IV
A21: Vĩnh Long | B21: 7.32 | C21: – | D21: =B21-$G$6 | E21: Cần khoảng 17,25% quý IV
A22: Sơn La | B22: 5.59 | C22: – | D22: =B22-$G$6 | E22: Thấp nhất; sản xuất điện giảm
A24: Nguồn: Cục Thống kê qua Tiền Phong, Znews, VietnamPlus (03–06/10/2026); mức quý IV cần đạt theo VnBusiness. Dấu '–' là địa phương không công bố riêng số quý III trong các nguồn trên.
A25: Số địa phương tăng từ 10% trở lên: 7 (6 tháng), 12 (9 tháng), 17 (riêng quý III); 24/34 địa phương thấp hơn mục tiêu năm.

Sheet The_diem_nganh
B1: Thẻ điểm tám nhóm ngành: phần trong mức tăng 9 tháng, xu hướng, quý IV, độ bền
B2: TVN & PARTNERS · Kiến tạo giá trị, nâng tầm niềm tin. · Hotline 0936 090 649 · 093 800 4541 · https://tvnpartners.com.vn/ · vu.ntn@tvnpartners.com.vn
B3: Địa chỉ: Số 5 Lô X Đường 61, KĐC Tân Quy Đông, KP 35, Phường Tân Hưng, TP HCM · Số liệu cập nhật tới 17/10/2026
A5: Nhóm ngành | B5: Chủ yếu là | C5: Phần trong mức tăng 2026 (%) | D5: 2025 (%) | E5: Thay đổi (điểm) | F5: Xu hướng (TVN) | G5: Quý IV/2026 (TVN) | H5: Độ bền 1–5 (TVN)
A6: Chế biến, chế tạo | B6: FDI (điện tử); trong nước (thép, thực phẩm) | C6: 33.85 | D6: 31.73 | E6: =C6-D6 | F6: Tăng tốc | G6: Phụ thuộc đơn hàng; tồn kho +11,9% | H6: 3
A7: Xây dựng | B7: Trong nước | C7: 8.23 | D7: 7.99 | E7: =C7-D7 | F7: Tăng tốc | G7: Được đầu tư công kéo lên | H7: 3
A8: Khai khoáng, điện, nước | B8: Nhà nước | C8: 7.54 | D8: 3.33 | E8: =C8-D8 | F8: Tăng tốc | G8: Theo giá dầu và nhà máy | H8: 2
A9: Thương mại, vận tải | B9: Trong nước | C9: 19.2 | D9: 19.64 | E9: =C9-D9 | F9: Giữ nhịp | G9: Theo hàng hóa của nhà máy | H9: 4
A10: Tài chính, ngân hàng | B10: Trong nước | C10: 5.27 | D10: 5.16 | E10: =C10-D10 | F10: Giữ nhịp | G10: Theo tín dụng 16–17% | H10: chưa chấm
A11: Nông, lâm, thủy sản | B11: Hộ gia đình | C11: 5.35 | D11: 5.35 | E11: =C11-D11 | F11: Giữ nhịp | G11: Ổn định, thu nhập thấp | H11: 4
A12: Lưu trú, ăn uống | B12: Trong nước | C12: 2.69 | D12: 3.5 | E12: =C12-D12 | F12: Chậm lại | G12: Chạm trần thu nhập thực | H12: 3
A13: Dịch vụ công, bất động sản | B13: Nhà nước, tư nhân | C13: 17.87 | D13: 23.29 | E13: =C13-D13 | F13: Chậm lại | G13: Chi thường xuyên chậm, nhà ở trầm | H13: chưa chấm
A14: Tổng | C14: =SUM(C6:C13) | D14: =SUM(D6:D13)
A15: Ba nhóm tăng tốc | C15: =C6+C7+C8
A17: Nguồn: Cục Thống kê (phần trong mức tăng); xu hướng, quý IV và độ bền là đánh giá của TVN & Partners. Thương mại, vận tải gộp bán buôn, bán lẻ (11,99%) và vận tải, kho bãi (7,21%).

Sheet FDI_trong_nuoc
B1: FDI và doanh nghiệp trong nước: xuất nhập khẩu và vốn đầu tư 9 tháng 2026
B2: TVN & PARTNERS · Kiến tạo giá trị, nâng tầm niềm tin. · Hotline 0936 090 649 · 093 800 4541 · https://tvnpartners.com.vn/ · vu.ntn@tvnpartners.com.vn
B3: Địa chỉ: Số 5 Lô X Đường 61, KĐC Tân Quy Đông, KP 35, Phường Tân Hưng, TP HCM · Số liệu cập nhật tới 17/10/2026
A5: Chỉ tiêu (tỷ USD) | B5: Khu vực FDI | C5: Khu vực trong nước | D5: Toàn nền kinh tế | E5: Phần FDI (%)
A6: Xuất khẩu hàng hóa | B6: 350.41 | C6: =D6-B6 | D6: 434.3 | E6: =B6/D6*100
A7: Nhập khẩu hàng hóa | B7: 335.55 | C7: 118.17 | D7: =B7+C7 | E7: =B7/D7*100
A8: Cán cân hàng hóa | B8: =B6-B7 | C8: =C6-C7 | D8: =D6-D7
A10: Vốn đầu tư toàn xã hội (%) | B10: Tư nhân trong nước | C10: Nhà nước | D10: FDI | E10: Tổng
A11: Cơ cấu 9 tháng | B11: 53 | C11: 30 | D11: 17 | E11: =SUM(B11:D11)
A13: Nguồn: Cục Thống kê (03/10/2026), Bộ Công Thương. Xuất khẩu khu vực trong nước tính bằng tổng trừ khu vực FDI; nhập khẩu toàn nền kinh tế tính bằng hai khu vực cộng lại.

Sheet Do_nhay_LS_TG
B1: Lãi suất và tỷ giá đi vào từng ngành (đánh giá TVN)
B2: TVN & PARTNERS · Kiến tạo giá trị, nâng tầm niềm tin. · Hotline 0936 090 649 · 093 800 4541 · https://tvnpartners.com.vn/ · vu.ntn@tvnpartners.com.vn
B3: Địa chỉ: Số 5 Lô X Đường 61, KĐC Tân Quy Đông, KP 35, Phường Tân Hưng, TP HCM · Số liệu cập nhật tới 17/10/2026
A5: Ngành | B5: Khi lãi suất tăng | C5: Khi tiền đồng mất giá
A6: Bất động sản | B6: Chịu nặng: vay mua nhà 14–16% | C6: Chịu thiệt nếu nợ USD
A7: Xây dựng | B7: Chịu: vốn lưu động đắt | C7: Vật liệu nhập đắt hơn
A8: Bán lẻ | B8: Chịu: mua trả góp chậm | C8: Hàng nhập đắt hơn
A9: Dệt may, thủy sản, gỗ | B9: Ít | C9: Được lợi về giá bán
A10: Điện tử khu vực FDI | B10: Ít | C10: Ít: mua linh kiện và bán thành phẩm đều bằng USD
A11: Ngân hàng | B11: Biên lãi tăng, nợ xấu tăng | C11: Rủi ro với khách hàng nợ USD
A13: Chìa khóa lãi suất quý IV nằm ở Fed: khi Fed tăng tiếp, ngành dùng nhiều vốn vay chịu trước, còn ngành xuất khẩu của doanh nghiệp Việt (dệt may, thủy sản, gỗ) có chút lợi về giá khi tiền đồng yếu đi.

Sheet Xuat_khau_2026
B1: Xuất nhập khẩu hàng hóa năm 2026 (TVN dự báo, tỷ USD)
B2: TVN & PARTNERS · Kiến tạo giá trị, nâng tầm niềm tin. · Hotline 0936 090 649 · 093 800 4541 · https://tvnpartners.com.vn/ · vu.ntn@tvnpartners.com.vn
B3: Địa chỉ: Số 5 Lô X Đường 61, KĐC Tân Quy Đông, KP 35, Phường Tân Hưng, TP HCM · Số liệu cập nhật tới 17/10/2026
A5: Chỉ tiêu | B5: Cận dưới | C5: Cận trên | D5: Ghi chú
A6: Xuất khẩu | B6: 602 | C6: 608 | D6: Lần đầu vượt 600 tỷ USD
A7: Nhập khẩu | B7: 619 | C7: 625 | D7: Linh kiện điện tử 9 tháng +71,7%
A8: Cán cân (xuất trừ nhập) | B8: =B6-C7 | C8: =C6-B7 | D8: Năm 2025 xuất siêu khoảng 20 tỷ USD
A10: Kỷ lục xuất khẩu năm 2026 là kỷ lục của chuỗi điện tử khu vực FDI; nguồn đô la từ thương mại đang mỏng đi, và các ngành xuất khẩu của doanh nghiệp Việt gần như đứng yên.

Sheet So_du_bao_2_PP
B1: So dự báo GDP quý IV và cả năm 2026: phía chi tiêu và phía sản xuất
B2: TVN & PARTNERS · Kiến tạo giá trị, nâng tầm niềm tin. · Hotline 0936 090 649 · 093 800 4541 · https://tvnpartners.com.vn/ · vu.ntn@tvnpartners.com.vn
B3: Địa chỉ: Số 5 Lô X Đường 61, KĐC Tân Quy Đông, KP 35, Phường Tân Hưng, TP HCM · Số liệu cập nhật tới 17/10/2026
A5: Kịch bản | B5: Phía chi tiêu: quý IV · cả năm | C5: Phía sản xuất: quý IV · cả năm
A6: Cơ sở (55%) | B6: 11–11,5% · 9,6–9,7% | C6: 11,24% · 9,63%
A7: Tích cực (20%) | B7: 12–12,5% · 9,9–10% | C7: 12,25% · 9,91%
A8: Tiêu cực (25%) | B8: 9,5–10% · 9,2–9,3% | C8: 9,96% · 9,27%
A9: Trần | B9: Tích lũy tài sản phải tăng 31–32% để đạt 12,5% | C9: 12,3% · 9,9%
A11: Hai cách khớp nhau vì cùng hỏi một câu theo hai chiều: phía chi tiêu hỏi ai đủ tiền mua, phía sản xuất hỏi ai đủ sức làm ra; phía chi tiêu thường cho số cao hơn một chút, cùng chiều với chênh lệch thống kê quý III, nên trần thực tế năm 2026 quanh 9,9–10%.
